{"accuracy": 0.7058823529411765, "average loss on test": 1.162724871041171}

