{"rouges": {"rouge1": 0.5690263917914281, "rouge2": 0.19970952784929932, "rougeL": 0.5668347020280713, "rougeLsum": 0.5668738701901594}}

