{"accuracy": {"rouge1": 0.45907769958554884, "rouge2": 0.16772579062768503, "rougeL": 0.4572211686740132, "rougeLsum": 0.45726660566306865}}

