{"accuracy": 0.5294117647058824, "average loss on test": 0.9734806657391292}

