{"loss": 0.01832554218968137, "acc": 0.9959199978709221}

