{"accuracy": 0.7058823529411765, "average loss on test": 0.7674045181997559}

